N,M,sparsity,naive_time,opt_time,blas_time
1000,1000,0.000000,4803708,47791,2842500
1000,1000,0.000000,5654375,50000,3120042
2000,1000,0.000000,9444792,73875,9623667
