N,M,sparsity,naive_time,blas_time,opt_time,naive_speedup,blas_speedup
1000,1000,0.0005,4744083,2429125,83291,56,29
500,500,0.001,2161666,858333,65250,33,13
500,500,0.001,1195291,381541,36250,32,10
250,500,0.00133333,1314917,552250,58541,22,9
500,1000,0.000666667,3107125,1659250,53208,58,31
500,1000,0.01,2397667,1406625,99084,24,14
1000,1000,0.01,4940583,2781416,185750,26,14
1000,1000,0.1,4801458,2813042,1272208,3.77411,2.21115
