N,M,sparsity,naive_time,opt_time,blas_time
2000,1000,0.000333333,9429583,91667,9072375
2000,1000,0.000333333,9372250,94291,5193208
